{"cameraMode":{"drawMode":0,"name":"Shaded","section":"Shading Mode"},"sceneLighting":false,"audioPlay":false,"sceneViewState":{"showFog":true,"showMaterialUpdate":false,"showSkybox":false,"showFlares":true,"showImageEffects":true,"showParticleSystems":true},"in2DMode":false,"pivot":{"x":-0.05625000223517418,"y":0.0,"z":0.05625000223517418},"rotation":{"x":-0.08499209582805634,"y":0.9146976470947266,"z":-0.2664929926395416,"w":-0.29169514775276186},"size":0.21577097475528718,"orthographic":true}